file,words,reference_segments,mean_words_per_segment,median_words_per_segment,speaker_changes,share_boundaries_at_speaker_change,zero_word_ius_dropped_share,overlap_bracket_density_per_100_words
SBC001,5055,1294,3.9064914992272026,3.0,206,0.15931941221964424,0.012213740458015267,3.1454005934718103
SBC002,4876,1261,3.866772402854877,3,607,0.48174603174603176,0.10567375886524823,12.633305988515175
SBC003,4733,1460,3.2417808219178084,2.0,712,0.4880054832076765,0.049479166666666664,11.768434396788505
SBC004,4427,1126,3.931616341030195,3.0,391,0.34755555555555556,0.11755485893416928,13.711316918906707
SBC005,2853,732,3.8975409836065573,3.0,243,0.332421340629275,0.11057108140947752,6.5194532071503675
SBC006,5948,1503,3.9574184963406522,3,217,0.14447403462050598,0.14892412231030577,9.431741761936784
SBC007,3031,682,4.444281524926686,4.0,243,0.3568281938325991,0.06060606060606061,2.4744308808973936
SBC008,4821,1404,3.4337606837606836,2.0,592,0.4219529579472559,0.056451612903225805,11.781788010786144
SBC009,2523,659,3.8285280728376327,3,234,0.3556231003039514,0.0910344827586207,5.231866825208085
SBC010,3638,1059,3.4353163361661947,2,443,0.41871455576559546,0.04336043360433604,12.479384277075315
SBC011,3222,859,3.750873108265425,3,351,0.4090909090909091,0.12791878172588833,11.390440720049659
SBC012,3897,1031,3.7798254122211445,3,180,0.17475728155339806,0.011505273250239693,2.771362586605081
SBC013,6377,1867,3.415640064274237,3,1148,0.6152197213290461,0.16837416481069042,27.755998118237418
SBC014,4894,1147,4.266782911944202,4,284,0.24781849912739964,0.028789161727349702,5.659991826726604
SBC015,6557,1800,3.642777777777778,3.0,698,0.3879933296275709,0.09274193548387097,13.34451730974531
SBC016,4590,1447,3.1720801658604008,2,774,0.5352697095435685,0.04551451187335093,19.215686274509807
SBC017,4028,1108,3.6353790613718413,3.0,284,0.2565492321589883,0.05136986301369863,7.149950347567032
SBC018,1824,543,3.3591160220994474,3,178,0.3284132841328413,0.028622540250447227,6.853070175438597
SBC019,4062,1088,3.733455882352941,3.0,565,0.5197792088316467,0.13306772908366535,14.32791728212703
SBC020,3807,814,4.676904176904177,4.0,9,0.01107011070110701,0.029797377830750895,1.260835303388495
SBC021,4543,1062,4.277777777777778,4.0,168,0.1583411875589067,0.11204013377926421,4.9966982170372
SBC022,2576,661,3.897125567322239,3,197,0.29848484848484846,0.061079545454545456,5.279503105590062
SBC023,5121,1380,3.7108695652173913,3.0,771,0.5591007976794778,0.08850726552179657,19.390743995313414
SBC024,2574,778,3.308483290488432,3.0,290,0.3732303732303732,0.08792497069167643,7.575757575757576
SBC025,3338,710,4.701408450704226,4.0,0,0.0,0.019337016574585635,0.11983223487118035
SBC026,4085,876,4.6632420091324205,4.0,88,0.10057142857142858,0.028824833702882482,1.9094247246022031
SBC027,3042,706,4.308781869688385,4.0,79,0.11205673758865248,0.03551912568306011,1.2163050624589087
SBC028,4496,1330,3.380451127819549,3.0,523,0.3935289691497366,0.13298565840938723,11.565836298932384
SBC029,4944,1170,4.225641025641026,4.0,500,0.42771599657827203,0.02418682235195997,6.169093851132686
SBC030,3638,725,5.017931034482759,5,6,0.008287292817679558,0.025537634408602152,0.7146783947223749
SBC031,4714,1335,3.5310861423220974,3,708,0.5307346326836582,0.13142485361093037,16.758591429783625
SBC032,6052,1702,3.555816686251469,3.0,844,0.49617871840094063,0.0755024443237371,17.101784534038334
SBC033,2444,699,3.496423462088698,3,413,0.5916905444126075,0.14338235294117646,27.782324058919805
SBC034,2655,692,3.836705202312139,3.0,266,0.3849493487698987,0.059782608695652176,4.519774011299435
SBC035,5147,1250,4.1176,4.0,641,0.5132105684547638,0.06015037593984962,16.61161841849621
SBC036,6119,1607,3.807716241443684,3,718,0.44707347447073476,0.11215469613259668,15.133191697989867
SBC038,3673,647,5.676970633693972,5,106,0.16408668730650156,0.012213740458015267,2.09637898175878
SBC039,4347,1227,3.54278728606357,3,460,0.37520391517128876,0.06407322654462243,11.594202898550725
SBC040,3834,611,6.274959083469722,6,18,0.029508196721311476,0.023961661341853034,0.20865936358894105
SBC041,3075,932,3.2993562231759657,2.0,272,0.2921589688506982,0.06048387096774194,9.983739837398375
SBC042,2748,677,4.059084194977843,4,330,0.4881656804733728,0.04107648725212465,7.132459970887918
SBC043,6247,1405,4.44626334519573,4,412,0.2934472934472934,0.0614562458249833,6.1789659036337445
SBC044,6372,1339,4.758775205377147,4,229,0.1711509715994021,0.062324929971988796,3.797865662272442
SBC045,4282,1087,3.939282428702852,3,286,0.26335174953959484,0.07173356105892399,3.68986454927604
SBC046,3009,746,4.033512064343164,3.0,219,0.29395973154362415,0.04113110539845758,5.948820206048521
SBC047,4272,1130,3.7805309734513273,3.0,381,0.337466784765279,0.027538726333907058,7.350187265917603
SBC048,2766,965,2.866321243523316,2,566,0.5871369294605809,0.14222222222222222,21.872740419378164
SBC049,4529,1137,3.9832893579595425,4,548,0.4823943661971831,0.1054287962234461,17.156105100463677
SBC050,3085,893,3.4546472564389696,3,471,0.5280269058295964,0.06882168925964546,14.165316045380875
SBC051,5346,1566,3.413793103448276,3.0,738,0.4715654952076677,0.05945945945945946,15.2450430228208
SBC052,5506,1517,3.6295319709953855,3,547,0.3608179419525066,0.05068836045056321,9.17181256810752
SBC053,3629,847,4.284533648170012,4,244,0.28841607565011823,0.01853997682502897,4.960044089280793
SBC054,2674,559,4.783542039355993,4,44,0.07885304659498207,0.0910569105691057,3.5153328347045627
SBC055,2955,765,3.8627450980392157,3,30,0.03926701570680628,0.08052884615384616,4.094754653130288
SBC056,6628,1519,4.363396971691903,4,587,0.38669301712779974,0.048841577958672514,8.403741701870851
SBC057,3589,921,3.8968512486427795,3,235,0.2554347826086957,0.08992094861660078,2.953468932850376
SBC058,3593,927,3.8759439050701188,3,405,0.4373650107991361,0.0443298969072165,6.039521291399944
SBC059,6118,1679,3.643835616438356,3,917,0.5464839094159714,0.09487870619946091,17.620137299771166
SBC060,4054,983,4.1241098677517805,4,135,0.13747454175152748,0.029615004935834157,3.4040453872718306
