doc_id,condition,sample,scope,precision,recall,f1,window_diff,boundary_similarity,hyp_ref_ratio,n_ref_boundaries,n_hyp_boundaries,flagged,collapse_rate,share_words_in_runs,total_window_draws
SBC024,A,0,within_turn,0.3812,0.8070,0.5178,0.5862,0.3947,2.1170,487,1031,False,0.1600,0.0044,25
SBC024,A,0,all_boundaries,0.5170,0.8790,0.6511,0.4712,0.5239,1.7001,777,1321,False,0.1600,0.0044,25
SBC024,A,1,within_turn,0.4673,0.8501,0.6031,0.4839,0.4608,1.8193,487,886,False,0.1600,0.0044,25
SBC024,A,1,all_boundaries,0.5986,0.9060,0.7209,0.3670,0.5889,1.5135,777,1176,False,0.1600,0.0044,25
SBC024,A,3,within_turn,0.4229,0.8727,0.5697,0.5589,0.4261,2.0637,487,1005,False,0.1600,0.0044,25
SBC024,A,3,all_boundaries,0.5521,0.9202,0.6902,0.4285,0.5517,1.6667,777,1295,False,0.1600,0.0044,25
SBC024,A,4,within_turn,0.4296,0.8768,0.5766,0.5543,0.4335,2.0411,487,994,False,0.1600,0.0044,25
SBC024,A,4,all_boundaries,0.5584,0.9228,0.6958,0.4312,0.5587,1.6525,777,1284,False,0.1600,0.0044,25
SBC024,A,2,within_turn,0.4330,0.8624,0.5765,0.4994,0.4274,1.9918,487,970,True,0.1600,0.0044,25
SBC024,A,2,all_boundaries,0.5635,0.9138,0.6971,0.3931,0.5549,1.6216,777,1260,True,0.1600,0.0044,25
SBC024,B,0,within_turn,0.5426,0.7721,0.6373,0.3855,0.5143,1.4230,487,693,False,0.0000,0.0000,25
SBC024,B,0,all_boundaries,0.6775,0.8571,0.7568,0.2897,0.6476,1.2651,777,983,False,0.0000,0.0000,25
SBC024,B,1,within_turn,0.5701,0.7351,0.6422,0.3602,0.5243,1.2895,487,628,False,0.0000,0.0000,25
SBC024,B,1,all_boundaries,0.7059,0.8340,0.7646,0.2683,0.6611,1.1815,777,918,False,0.0000,0.0000,25
SBC024,B,2,within_turn,0.5364,0.7269,0.6173,0.3652,0.5128,1.3552,487,660,False,0.0000,0.0000,25
SBC024,B,2,all_boundaries,0.6779,0.8288,0.7458,0.2811,0.6499,1.2227,777,950,False,0.0000,0.0000,25
SBC024,B,3,within_turn,0.4477,0.7207,0.5523,0.4527,0.4575,1.6099,487,784,False,0.0000,0.0000,25
SBC024,B,3,all_boundaries,0.5968,0.8250,0.6926,0.3585,0.5959,1.3822,777,1074,False,0.0000,0.0000,25
SBC024,B,4,within_turn,0.5661,0.7125,0.6309,0.3497,0.5262,1.2587,487,613,False,0.0000,0.0000,25
SBC024,B,4,all_boundaries,0.7054,0.8198,0.7583,0.2648,0.6643,1.1622,777,903,False,0.0000,0.0000,25
SBC005,A,0,within_turn,0.3827,0.6988,0.4946,0.4863,0.4139,1.8258,488,891,False,0.0400,0.0020,25
SBC005,A,0,all_boundaries,0.5150,0.7989,0.6263,0.3774,0.5342,1.5513,731,1134,False,0.0400,0.0020,25
SBC005,A,1,within_turn,0.3466,0.6967,0.4629,0.5344,0.3773,2.0102,488,981,False,0.0400,0.0020,25
SBC005,A,1,all_boundaries,0.4763,0.7975,0.5964,0.4251,0.4961,1.6744,731,1224,False,0.0400,0.0020,25
SBC005,A,2,within_turn,0.3909,0.7234,0.5075,0.4944,0.4140,1.8504,488,903,False,0.0400,0.0020,25
SBC005,A,2,all_boundaries,0.5201,0.8153,0.6351,0.3806,0.5330,1.5677,731,1146,False,0.0400,0.0020,25
SBC005,A,3,within_turn,0.3428,0.7643,0.4734,0.5874,0.3639,2.2295,488,1088,False,0.0400,0.0020,25
SBC005,A,3,all_boundaries,0.4628,0.8427,0.5975,0.4658,0.4767,1.8208,731,1331,False,0.0400,0.0020,25
SBC005,A,4,within_turn,0.3715,0.7439,0.4956,0.4975,0.3874,2.0020,488,977,True,0.0400,0.0020,25
SBC005,A,4,all_boundaries,0.4967,0.8290,0.6212,0.3957,0.5043,1.6689,731,1220,True,0.0400,0.0020,25
SBC005,B,0,within_turn,0.4611,0.7766,0.5786,0.4393,0.4446,1.6844,488,822,False,0.0000,0.0000,25
SBC005,B,0,all_boundaries,0.5840,0.8509,0.6927,0.3294,0.5633,1.4569,731,1065,False,0.0000,0.0000,25
SBC005,B,1,within_turn,0.4657,0.7643,0.5787,0.4200,0.4674,1.6414,488,801,False,0.0000,0.0000,25
SBC005,B,1,all_boundaries,0.5900,0.8427,0.6941,0.3157,0.5848,1.4282,731,1044,False,0.0000,0.0000,25
SBC005,B,2,within_turn,0.4597,0.7254,0.5628,0.4130,0.4505,1.5779,488,770,False,0.0000,0.0000,25
SBC005,B,2,all_boundaries,0.5893,0.8167,0.6846,0.3150,0.5729,1.3858,731,1013,False,0.0000,0.0000,25
SBC005,B,3,within_turn,0.4488,0.7275,0.5551,0.4305,0.4391,1.6209,488,791,False,0.0000,0.0000,25
SBC005,B,3,all_boundaries,0.5783,0.8181,0.6776,0.3251,0.5615,1.4145,731,1034,False,0.0000,0.0000,25
SBC005,B,4,within_turn,0.4602,0.7234,0.5625,0.4221,0.4504,1.5717,488,767,False,0.0000,0.0000,25
SBC005,B,4,all_boundaries,0.5901,0.8153,0.6847,0.3146,0.5730,1.3817,731,1010,False,0.0000,0.0000,25
SBC041,A,0,within_turn,0.4436,0.6920,0.5406,0.4116,0.4350,1.5599,659,1028,False,0.0667,0.0009,30
SBC041,A,0,all_boundaries,0.5600,0.7820,0.6526,0.4116,0.5434,1.3963,931,1300,False,0.0667,0.0009,30
SBC041,A,1,within_turn,0.4350,0.7360,0.5468,0.4302,0.4335,1.6920,659,1115,False,0.0667,0.0009,30
SBC041,A,1,all_boundaries,0.5458,0.8131,0.6531,0.4302,0.5374,1.4898,931,1387,False,0.0667,0.0009,30
SBC041,A,2,within_turn,0.4289,0.6540,0.5180,0.4165,0.4295,1.5250,659,1005,False,0.0667,0.0009,30
SBC041,A,2,all_boundaries,0.5505,0.7551,0.6368,0.4165,0.5404,1.3716,931,1277,False,0.0667,0.0009,30
SBC041,A,3,within_turn,0.4150,0.7147,0.5251,0.4400,0.4283,1.7223,659,1135,False,0.0667,0.0009,30
SBC041,A,3,all_boundaries,0.5281,0.7981,0.6356,0.4400,0.5325,1.5113,931,1407,False,0.0667,0.0009,30
SBC041,A,4,within_turn,0.4029,0.6798,0.5059,0.4474,0.4162,1.6874,659,1112,False,0.0667,0.0009,30
SBC041,A,4,all_boundaries,0.5202,0.7734,0.6220,0.4474,0.5233,1.4866,931,1384,False,0.0667,0.0009,30
SBC041,B,0,within_turn,0.4302,0.7481,0.5463,0.4328,0.4207,1.7390,659,1146,False,0.1667,0.0057,30
SBC041,B,0,all_boundaries,0.5395,0.8217,0.6513,0.4328,0.5243,1.5231,931,1418,False,0.1667,0.0057,30
SBC041,B,1,within_turn,0.4563,0.7284,0.5611,0.3954,0.4395,1.5964,659,1052,False,0.1667,0.0057,30
SBC041,B,1,all_boundaries,0.5680,0.8077,0.6670,0.3954,0.5455,1.4221,931,1324,False,0.1667,0.0057,30
SBC041,B,3,within_turn,0.4152,0.8316,0.5538,0.4771,0.4096,2.0030,659,1320,False,0.1667,0.0057,30
SBC041,B,3,all_boundaries,0.5151,0.8808,0.6500,0.4771,0.5063,1.7100,931,1592,False,0.1667,0.0057,30
SBC041,B,4,within_turn,0.4533,0.7724,0.5713,0.4103,0.4428,1.7041,659,1123,False,0.1667,0.0057,30
SBC041,B,4,all_boundaries,0.5599,0.8389,0.6715,0.4103,0.5447,1.4984,931,1395,False,0.1667,0.0057,30
SBC041,B,2,within_turn,0.4044,0.7891,0.5347,0.4605,0.3951,1.9514,659,1286,True,0.1667,0.0057,30
SBC041,B,2,all_boundaries,0.5083,0.8507,0.6364,0.4605,0.4948,1.6735,931,1558,True,0.1667,0.0057,30
SBC053,A,0,within_turn,0.3021,0.7176,0.4252,0.6324,0.3473,2.3754,602,1430,False,0.3714,0.0179,35
SBC053,A,0,all_boundaries,0.4038,0.7991,0.5365,0.5068,0.4411,1.9787,846,1674,False,0.3714,0.0179,35
SBC053,A,1,within_turn,0.2803,0.7259,0.4044,0.6434,0.3211,2.5897,602,1559,True,0.3714,0.0179,35
SBC053,A,1,all_boundaries,0.3777,0.8050,0.5142,0.5302,0.4118,2.1312,846,1803,True,0.3714,0.0179,35
SBC053,A,2,within_turn,0.3168,0.7342,0.4427,0.5993,0.3534,2.3173,602,1395,True,0.3714,0.0179,35
SBC053,A,2,all_boundaries,0.4185,0.8109,0.5521,0.4797,0.4477,1.9374,846,1639,True,0.3714,0.0179,35
SBC053,A,3,within_turn,0.2807,0.7243,0.4046,0.6555,0.3189,2.5797,602,1553,True,0.3714,0.0179,35
SBC053,A,3,all_boundaries,0.3784,0.8038,0.5146,0.5454,0.4099,2.1241,846,1797,True,0.3714,0.0179,35
SBC053,A,4,within_turn,0.2830,0.7625,0.4128,0.6627,0.3111,2.6944,602,1622,True,0.3714,0.0179,35
SBC053,A,4,all_boundaries,0.3767,0.8310,0.5184,0.5456,0.3996,2.2057,846,1866,True,0.3714,0.0179,35
SBC053,B,0,within_turn,0.4224,0.7691,0.5453,0.4426,0.4149,1.8206,602,1096,False,0.3143,0.0097,35
SBC053,B,0,all_boundaries,0.5276,0.8357,0.6468,0.3485,0.5151,1.5839,846,1340,False,0.3143,0.0097,35
SBC053,B,2,within_turn,0.4090,0.7542,0.5304,0.4788,0.3943,1.8439,602,1110,False,0.3143,0.0097,35
SBC053,B,2,all_boundaries,0.5155,0.8251,0.6345,0.3733,0.4959,1.6005,846,1354,False,0.3143,0.0097,35
SBC053,B,3,within_turn,0.4558,0.7542,0.5682,0.4264,0.4491,1.6545,602,996,False,0.3143,0.0097,35
SBC053,B,3,all_boundaries,0.5629,0.8251,0.6692,0.3215,0.5506,1.4657,846,1240,False,0.3143,0.0097,35
SBC053,B,1,within_turn,0.3755,0.7193,0.4934,0.4793,0.3689,1.9153,602,1153,True,0.3143,0.0097,35
SBC053,B,1,all_boundaries,0.4846,0.8002,0.6037,0.3802,0.4714,1.6513,846,1397,True,0.3143,0.0097,35
SBC053,B,4,within_turn,0.3980,0.8007,0.5317,0.4854,0.3923,2.0116,602,1211,True,0.3143,0.0097,35
SBC053,B,4,all_boundaries,0.4990,0.8582,0.6310,0.3772,0.4892,1.7199,846,1455,True,0.3143,0.0097,35
SBC012,A,0,within_turn,0.4261,0.7871,0.5529,0.4475,0.4470,1.8471,850,1570,False,0.0286,0.0005,35
SBC012,A,0,all_boundaries,0.4851,0.8243,0.6108,0.4475,0.5019,1.6990,1030,1750,False,0.0286,0.0005,35
SBC012,A,1,within_turn,0.4668,0.7694,0.5811,0.3892,0.4827,1.6482,850,1401,False,0.0286,0.0005,35
SBC012,A,1,all_boundaries,0.5275,0.8097,0.6388,0.3892,0.5389,1.5350,1030,1581,False,0.0286,0.0005,35
SBC012,A,2,within_turn,0.4865,0.7624,0.5940,0.3787,0.4833,1.5671,850,1332,False,0.0286,0.0005,35
SBC012,A,2,all_boundaries,0.5476,0.8039,0.6515,0.3787,0.5408,1.4680,1030,1512,False,0.0286,0.0005,35
SBC012,A,3,within_turn,0.4413,0.7953,0.5676,0.4244,0.4598,1.8024,850,1532,False,0.0286,0.0005,35
SBC012,A,3,all_boundaries,0.5000,0.8311,0.6244,0.4244,0.5147,1.6621,1030,1712,False,0.0286,0.0005,35
SBC012,A,4,within_turn,0.3994,0.7776,0.5277,0.4732,0.4263,1.9471,850,1655,False,0.0286,0.0005,35
SBC012,A,4,all_boundaries,0.4583,0.8165,0.5871,0.4732,0.4809,1.7816,1030,1835,False,0.0286,0.0005,35
SBC012,B,0,within_turn,0.4897,0.8094,0.6102,0.3633,0.4983,1.6529,850,1405,False,0.1143,0.0028,35
SBC012,B,0,all_boundaries,0.5476,0.8427,0.6639,0.3633,0.5529,1.5388,1030,1585,False,0.1143,0.0028,35
SBC012,B,1,within_turn,0.5047,0.8294,0.6275,0.3553,0.5020,1.6435,850,1397,False,0.1143,0.0028,35
SBC012,B,1,all_boundaries,0.5612,0.8592,0.6789,0.3553,0.5563,1.5311,1030,1577,False,0.1143,0.0028,35
SBC012,B,3,within_turn,0.5057,0.8376,0.6306,0.3507,0.5068,1.6565,850,1408,False,0.1143,0.0028,35
SBC012,B,3,all_boundaries,0.5617,0.8660,0.6814,0.3507,0.5604,1.5417,1030,1588,False,0.1143,0.0028,35
SBC012,B,4,within_turn,0.5087,0.7906,0.6191,0.3407,0.5032,1.5541,850,1321,False,0.1143,0.0028,35
SBC012,B,4,all_boundaries,0.5676,0.8272,0.6733,0.3407,0.5592,1.4573,1030,1501,False,0.1143,0.0028,35
SBC012,B,2,within_turn,0.4696,0.8541,0.6060,0.4039,0.4642,1.8188,850,1546,True,0.1143,0.0028,35
SBC012,B,2,all_boundaries,0.5249,0.8796,0.6575,0.4039,0.5178,1.6757,1030,1726,True,0.1143,0.0028,35
SBC045,A,0,within_turn,0.3982,0.7600,0.5226,0.5151,0.4235,1.9087,800,1527,False,0.2500,0.0078,40
SBC045,A,0,all_boundaries,0.4931,0.8232,0.6168,0.4056,0.5115,1.6694,1086,1813,False,0.2500,0.0078,40
SBC045,A,1,within_turn,0.4004,0.8387,0.5420,0.5534,0.4159,2.0950,800,1676,False,0.2500,0.0078,40
SBC045,A,1,all_boundaries,0.4878,0.8812,0.6280,0.4334,0.4993,1.8066,1086,1962,False,0.2500,0.0078,40
SBC045,A,2,within_turn,0.4010,0.7875,0.5314,0.5293,0.4200,1.9638,800,1571,False,0.2500,0.0078,40
SBC045,A,2,all_boundaries,0.4933,0.8435,0.6225,0.4196,0.5065,1.7099,1086,1857,False,0.2500,0.0078,40
SBC045,A,3,within_turn,0.3757,0.8350,0.5182,0.5887,0.3947,2.2225,800,1778,False,0.2500,0.0078,40
SBC045,A,3,all_boundaries,0.4622,0.8785,0.6057,0.4645,0.4771,1.9006,1086,2064,False,0.2500,0.0078,40
SBC045,A,4,within_turn,0.3633,0.8625,0.5113,0.5980,0.3712,2.3737,800,1899,True,0.2500,0.0078,40
SBC045,A,4,all_boundaries,0.4467,0.8987,0.5968,0.4862,0.4518,2.0120,1086,2185,True,0.2500,0.0078,40
SBC045,B,0,within_turn,0.4415,0.8263,0.5755,0.4936,0.4450,1.8713,800,1497,False,0.2000,0.0027,40
SBC045,B,0,all_boundaries,0.5311,0.8720,0.6602,0.3771,0.5308,1.6418,1086,1783,False,0.2000,0.0027,40
SBC045,B,1,within_turn,0.4285,0.8313,0.5655,0.5095,0.4335,1.9400,800,1552,False,0.2000,0.0027,40
SBC045,B,1,all_boundaries,0.5174,0.8757,0.6505,0.3979,0.5187,1.6924,1086,1838,False,0.2000,0.0027,40
SBC045,B,2,within_turn,0.4103,0.8087,0.5444,0.5223,0.4158,1.9712,800,1577,False,0.2000,0.0027,40
SBC045,B,2,all_boundaries,0.5008,0.8591,0.6328,0.4105,0.5021,1.7155,1086,1863,False,0.2000,0.0027,40
SBC045,B,3,within_turn,0.4268,0.8200,0.5614,0.5127,0.4295,1.9212,800,1537,False,0.2000,0.0027,40
SBC045,B,3,all_boundaries,0.5167,0.8674,0.6476,0.3979,0.5156,1.6786,1086,1823,False,0.2000,0.0027,40
SBC045,B,4,within_turn,0.4511,0.7950,0.5756,0.4578,0.4608,1.7625,800,1410,False,0.2000,0.0027,40
SBC045,B,4,all_boundaries,0.5436,0.8490,0.6628,0.3530,0.5481,1.5617,1086,1696,False,0.2000,0.0027,40
SBC016,A,0,within_turn,0.3142,0.6116,0.4152,0.5221,0.3149,1.9464,672,1308,False,0.2750,0.0053,40
SBC016,A,0,all_boundaries,0.5692,0.8195,0.6718,0.4187,0.5515,1.4398,1446,2082,False,0.2750,0.0053,40
SBC016,A,1,within_turn,0.2735,0.6116,0.3779,0.5880,0.2928,2.2366,672,1503,False,0.2750,0.0053,40
SBC016,A,1,all_boundaries,0.5204,0.8195,0.6366,0.4826,0.5204,1.5747,1446,2277,False,0.2750,0.0053,40
SBC016,A,2,within_turn,0.2863,0.7039,0.4071,0.6187,0.2951,2.4583,672,1652,False,0.2750,0.0053,40
SBC016,A,2,all_boundaries,0.5140,0.8624,0.6441,0.4991,0.5105,1.6777,1446,2426,False,0.2750,0.0053,40
SBC016,A,3,within_turn,0.3279,0.6622,0.4386,0.5077,0.3252,2.0193,672,1357,False,0.2750,0.0053,40
SBC016,A,3,all_boundaries,0.5720,0.8430,0.6816,0.4030,0.5550,1.4737,1446,2131,False,0.2750,0.0053,40
SBC016,A,4,within_turn,0.2766,0.6696,0.3915,0.6087,0.2909,2.4211,672,1627,True,0.2750,0.0053,40
SBC016,A,4,all_boundaries,0.5098,0.8465,0.6363,0.4939,0.5094,1.6604,1446,2401,True,0.2750,0.0053,40
SBC016,B,0,within_turn,0.3684,0.6935,0.4812,0.4532,0.3644,1.8824,672,1265,False,0.2000,0.0054,40
SBC016,B,0,all_boundaries,0.6081,0.8575,0.7116,0.3566,0.5917,1.4101,1446,2039,False,0.2000,0.0054,40
SBC016,B,2,within_turn,0.3829,0.6741,0.4884,0.4395,0.3782,1.7604,672,1183,False,0.2000,0.0054,40
SBC016,B,2,all_boundaries,0.6270,0.8485,0.7211,0.3466,0.6087,1.3534,1446,1957,False,0.2000,0.0054,40
SBC016,B,4,within_turn,0.4146,0.7336,0.5298,0.4221,0.4040,1.7693,672,1189,False,0.2000,0.0054,40
SBC016,B,4,all_boundaries,0.6454,0.8762,0.7433,0.3235,0.6262,1.3575,1446,1963,False,0.2000,0.0054,40
SBC016,B,1,within_turn,0.3827,0.6920,0.4928,0.4238,0.3628,1.8080,672,1215,True,0.2000,0.0054,40
SBC016,B,1,all_boundaries,0.6229,0.8568,0.7214,0.3298,0.5936,1.3755,1446,1989,True,0.2000,0.0054,40
SBC016,B,3,within_turn,0.3633,0.7158,0.4820,0.4585,0.3559,1.9702,672,1324,True,0.2000,0.0054,40
SBC016,B,3,all_boundaries,0.5982,0.8679,0.7082,0.3601,0.5804,1.4509,1446,2098,True,0.2000,0.0054,40
SBC014,A,0,within_turn,0.3086,0.7227,0.4325,0.6494,0.3464,2.3422,862,2019,False,0.1556,0.0052,45
SBC014,A,0,all_boundaries,0.3938,0.7914,0.5259,0.5241,0.4252,2.0096,1146,2303,False,0.1556,0.0052,45
SBC014,A,1,within_turn,0.3549,0.6740,0.4650,0.5451,0.3891,1.8991,862,1637,False,0.1556,0.0052,45
SBC014,A,1,all_boundaries,0.4503,0.7548,0.5641,0.4276,0.4752,1.6763,1146,1921,False,0.1556,0.0052,45
SBC014,A,2,within_turn,0.3215,0.6172,0.4227,0.5895,0.3344,1.9200,862,1655,False,0.1556,0.0052,45
SBC014,A,2,all_boundaries,0.4208,0.7120,0.5290,0.4687,0.4240,1.6920,1146,1939,False,0.1556,0.0052,45
SBC014,A,4,within_turn,0.3516,0.6613,0.4591,0.5375,0.3798,1.8805,862,1621,False,0.1556,0.0052,45
SBC014,A,4,all_boundaries,0.4483,0.7452,0.5598,0.4321,0.4671,1.6623,1146,1905,False,0.1556,0.0052,45
SBC014,A,3,within_turn,0.3357,0.7239,0.4587,0.5758,0.3630,2.1566,862,1859,True,0.1556,0.0052,45
SBC014,A,3,all_boundaries,0.4237,0.7923,0.5521,0.4716,0.4444,1.8700,1146,2143,True,0.1556,0.0052,45
SBC014,B,0,within_turn,0.4166,0.7738,0.5416,0.4940,0.4184,1.8573,862,1601,False,0.4222,0.0073,45
SBC014,B,0,all_boundaries,0.5045,0.8298,0.6275,0.3800,0.5015,1.6449,1146,1885,False,0.4222,0.0073,45
SBC014,B,1,within_turn,0.4127,0.7320,0.5278,0.4782,0.4180,1.7738,862,1529,False,0.4222,0.0073,45
SBC014,B,1,all_boundaries,0.5047,0.7984,0.6185,0.3718,0.5036,1.5820,1146,1813,False,0.4222,0.0073,45
SBC014,B,3,within_turn,0.4025,0.8329,0.5427,0.5291,0.3999,2.0696,862,1784,False,0.4222,0.0073,45
SBC014,B,3,all_boundaries,0.4845,0.8743,0.6235,0.4135,0.4791,1.8045,1146,2068,False,0.4222,0.0073,45
SBC014,B,4,within_turn,0.4269,0.7854,0.5531,0.4821,0.4235,1.8399,862,1586,False,0.4222,0.0073,45
SBC014,B,4,all_boundaries,0.5139,0.8386,0.6373,0.3731,0.5063,1.6318,1146,1870,False,0.4222,0.0073,45
SBC014,B,2,within_turn,0.4011,0.8538,0.5458,0.5367,0.4006,2.1288,862,1835,True,0.4222,0.0073,45
SBC014,B,2,all_boundaries,0.4814,0.8901,0.6248,0.4184,0.4783,1.8490,1146,2119,True,0.4222,0.0073,45
SBC052,A,2,within_turn,0.3654,0.7327,0.4876,0.5333,0.3869,2.0052,969,1943,False,0.2600,0.0069,50
SBC052,A,2,all_boundaries,0.5048,0.8292,0.6276,0.4281,0.5164,1.6425,1516,2490,False,0.2600,0.0069,50
SBC052,A,3,within_turn,0.3612,0.7905,0.4958,0.5799,0.3804,2.1889,969,2121,False,0.2600,0.0069,50
SBC052,A,3,all_boundaries,0.4921,0.8661,0.6276,0.4600,0.5042,1.7599,1516,2668,False,0.2600,0.0069,50
SBC052,A,0,within_turn,0.3566,0.7276,0.4786,0.5381,0.3815,2.0402,969,1977,True,0.2600,0.0069,50
SBC052,A,0,all_boundaries,0.4960,0.8259,0.6198,0.4319,0.5107,1.6649,1516,2524,True,0.2600,0.0069,50
SBC052,A,1,within_turn,0.3545,0.8122,0.4936,0.5928,0.3746,2.2910,969,2220,True,0.2600,0.0069,50
SBC052,A,1,all_boundaries,0.4821,0.8799,0.6229,0.4675,0.4959,1.8252,1516,2767,True,0.2600,0.0069,50
SBC052,A,4,within_turn,0.3677,0.7585,0.4953,0.5432,0.3863,2.0630,969,1999,True,0.2600,0.0069,50
SBC052,A,4,all_boundaries,0.5035,0.8456,0.6312,0.4324,0.5137,1.6794,1516,2546,True,0.2600,0.0069,50
SBC052,B,0,within_turn,0.4591,0.7007,0.5547,0.4274,0.4396,1.5263,969,1479,False,0.1800,0.0037,50
SBC052,B,0,all_boundaries,0.6051,0.8087,0.6923,0.3281,0.5782,1.3364,1516,2026,False,0.1800,0.0037,50
SBC052,B,2,within_turn,0.4392,0.7152,0.5442,0.4525,0.4300,1.6285,969,1578,False,0.1800,0.0037,50
SBC052,B,2,all_boundaries,0.5835,0.8179,0.6811,0.3477,0.5662,1.4017,1516,2125,False,0.1800,0.0037,50
SBC052,B,3,within_turn,0.4243,0.7110,0.5314,0.4630,0.4219,1.6760,969,1624,False,0.1800,0.0037,50
SBC052,B,3,all_boundaries,0.5693,0.8153,0.6705,0.3617,0.5578,1.4321,1516,2171,False,0.1800,0.0037,50
SBC052,B,4,within_turn,0.4333,0.6502,0.5200,0.4299,0.4302,1.5005,969,1454,False,0.1800,0.0037,50
SBC052,B,4,all_boundaries,0.5882,0.7764,0.6693,0.3338,0.5727,1.3199,1516,2001,False,0.1800,0.0037,50
SBC052,B,1,within_turn,0.4106,0.6873,0.5141,0.4325,0.4017,1.6739,969,1622,True,0.1800,0.0037,50
SBC052,B,1,all_boundaries,0.5592,0.8001,0.6583,0.3476,0.5408,1.4307,1516,2169,True,0.1800,0.0037,50
SBC044,A,0,within_turn,0.3174,0.8458,0.4616,0.6571,0.3317,2.6646,1109,2955,True,0.4727,0.0187,55
SBC044,A,0,all_boundaries,0.3665,0.8722,0.5161,0.5341,0.3790,2.3797,1338,3184,True,0.4727,0.0187,55
SBC044,A,1,within_turn,0.3250,0.8305,0.4672,0.6481,0.3442,2.5555,1109,2834,True,0.4727,0.0187,55
SBC044,A,1,all_boundaries,0.3754,0.8595,0.5226,0.5221,0.3924,2.2892,1338,3063,True,0.4727,0.0187,55
SBC044,A,2,within_turn,0.3516,0.8151,0.4913,0.6048,0.3688,2.3183,1109,2571,True,0.4727,0.0187,55
SBC044,A,2,all_boundaries,0.4046,0.8468,0.5476,0.4758,0.4193,2.0927,1338,2800,True,0.4727,0.0187,55
SBC044,A,3,within_turn,0.2951,0.7944,0.4304,0.6941,0.3218,2.6916,1109,2985,True,0.4727,0.0187,55
SBC044,A,3,all_boundaries,0.3454,0.8296,0.4877,0.5647,0.3695,2.4021,1338,3214,True,0.4727,0.0187,55
SBC044,A,4,within_turn,0.3195,0.7583,0.4496,0.6445,0.3280,2.3733,1109,2632,True,0.4727,0.0187,55
SBC044,A,4,all_boundaries,0.3740,0.7997,0.5096,0.5163,0.3793,2.1383,1338,2861,True,0.4727,0.0187,55
SBC044,B,0,within_turn,0.4165,0.8115,0.5505,0.5031,0.4226,1.9486,1109,2161,False,0.1273,0.0025,55
SBC044,B,0,all_boundaries,0.4724,0.8438,0.6057,0.3871,0.4757,1.7862,1338,2390,False,0.1273,0.0025,55
SBC044,B,1,within_turn,0.4054,0.8404,0.5469,0.5389,0.4125,2.0730,1109,2299,False,0.1273,0.0025,55
SBC044,B,1,all_boundaries,0.4593,0.8677,0.6006,0.4133,0.4641,1.8894,1338,2528,False,0.1273,0.0025,55
SBC044,B,3,within_turn,0.4213,0.7962,0.5510,0.4855,0.4312,1.8900,1109,2096,False,0.1273,0.0025,55
SBC044,B,3,all_boundaries,0.4783,0.8311,0.6072,0.3747,0.4849,1.7377,1338,2325,False,0.1273,0.0025,55
SBC044,B,4,within_turn,0.4130,0.8242,0.5503,0.5128,0.4217,1.9955,1109,2213,False,0.1273,0.0025,55
SBC044,B,4,all_boundaries,0.4681,0.8543,0.6048,0.3922,0.4741,1.8251,1338,2442,False,0.1273,0.0025,55
SBC044,B,2,within_turn,0.4099,0.8467,0.5524,0.5222,0.4089,2.0658,1109,2291,True,0.1273,0.0025,55
SBC044,B,2,all_boundaries,0.4635,0.8729,0.6055,0.4038,0.4606,1.8834,1338,2520,True,0.1273,0.0025,55
SBC039,A,0,within_turn,0.3414,0.6802,0.4546,0.5601,0.3840,1.9922,766,1526,False,0.0500,0.0032,40
SBC039,A,0,all_boundaries,0.4940,0.8002,0.6108,0.4458,0.5222,1.6199,1226,1986,False,0.0500,0.0032,40
SBC039,A,2,within_turn,0.4126,0.6775,0.5128,0.4574,0.4384,1.6423,766,1258,False,0.0500,0.0032,40
SBC039,A,2,all_boundaries,0.5698,0.7985,0.6651,0.3535,0.5807,1.4013,1226,1718,False,0.0500,0.0032,40
SBC039,A,3,within_turn,0.3864,0.7193,0.5027,0.5085,0.4162,1.8616,766,1426,False,0.0500,0.0032,40
SBC039,A,3,all_boundaries,0.5361,0.8246,0.6497,0.4018,0.5534,1.5383,1226,1886,False,0.0500,0.0032,40
SBC039,A,4,within_turn,0.4015,0.7180,0.5150,0.4896,0.4256,1.7885,766,1370,False,0.0500,0.0032,40
SBC039,A,4,all_boundaries,0.5519,0.8238,0.6610,0.3800,0.5638,1.4927,1226,1830,False,0.0500,0.0032,40
SBC039,A,1,within_turn,0.3660,0.7650,0.4951,0.5460,0.3825,2.0901,766,1601,True,0.0500,0.0032,40
SBC039,A,1,all_boundaries,0.5075,0.8532,0.6364,0.4359,0.5157,1.6811,1226,2061,True,0.0500,0.0032,40
SBC039,B,0,within_turn,0.4097,0.6279,0.4959,0.4505,0.4081,1.5326,766,1174,False,0.0500,0.0006,40
SBC039,B,0,all_boundaries,0.5759,0.7675,0.6580,0.3445,0.5600,1.3328,1226,1634,False,0.0500,0.0006,40
SBC039,B,1,within_turn,0.4287,0.6123,0.5043,0.4392,0.4155,1.4282,766,1094,False,0.0500,0.0006,40
SBC039,B,1,all_boundaries,0.5978,0.7577,0.6683,0.3346,0.5707,1.2675,1226,1554,False,0.0500,0.0006,40
SBC039,B,2,within_turn,0.4659,0.7128,0.5635,0.4222,0.4474,1.5300,766,1172,False,0.0500,0.0006,40
SBC039,B,2,all_boundaries,0.6164,0.8206,0.7040,0.3213,0.5909,1.3312,1226,1632,False,0.0500,0.0006,40
SBC039,B,3,within_turn,0.4630,0.6540,0.5422,0.4250,0.4314,1.4125,766,1082,False,0.0500,0.0006,40
SBC039,B,3,all_boundaries,0.6232,0.7838,0.6944,0.3211,0.5834,1.2577,1226,1542,False,0.0500,0.0006,40
SBC039,B,4,within_turn,0.4563,0.6332,0.5303,0.4247,0.4286,1.3877,766,1063,False,0.0500,0.0006,40
SBC039,B,4,all_boundaries,0.6205,0.7708,0.6875,0.3217,0.5826,1.2423,1226,1523,False,0.0500,0.0006,40
