file,line,reason,content
SBC001,715,non_participant_speaker,
SBC001,877,non_participant_speaker,
SBC002,220,non_participant_speaker,
SBC002,645,non_participant_speaker,
SBC002,726,non_participant_speaker,
SBC002,794,non_participant_speaker,
SBC003,250,dubois_dollar_note,000000000 000000000 $ COMMA OR PERIOD?
SBC003,257,dubois_dollar_note,000000000 000000000 $ CHECK CAPITALIZATION AFTER IU CONTOUR IS ADDED ABOVE
SBC003,659,dubois_dollar_note,000000000 000000000 $ COMMA OR PERIOD?
SBC003,1023,dubois_dollar_note,"000000000 000000000 $ HE SAYS ""LAUNDRY MAT""?"
SBC003,1050,dubois_dollar_note,000000000 000000000 $ LAUNDRYMAT?
SBC003,1523,dubois_dollar_note,000000000 000000000 $ HOW TO SHOW THIS AS ONE IU BROKEN BYE PARENTHETICAL EXCLAMATION?
SBC004,138,non_participant_speaker,
SBC004,219,non_participant_speaker,
SBC004,223,non_participant_speaker,
SBC004,224,non_participant_speaker,
SBC004,230,non_participant_speaker,
SBC004,246,non_participant_speaker,
SBC004,247,non_participant_speaker,
SBC004,282,non_participant_speaker,
SBC004,495,non_participant_speaker,
SBC004,586,non_participant_speaker,
SBC004,809,backslash_fused,"706.61 707.96	        	... they'll get kind of surly,\00:11:47:96 00:11:49:46 708.11 708.71	SHARON: 	   [I did that]."
SBC005,536,non_participant_speaker,
SBC005,620,dubois_dollar_note,000000000 000000000 $ COMMA OR PERIOD?
SBC005,789,dubois_dollar_note,000000000 000000000 $ COMMA OR PEROID?
SBC006,803,non_participant_speaker,
SBC007,631,backslash_fused,1179.10 1182.90	        	... And !Nicky helps her .. with him a lot anyway.\000000000 000000000 MARY: 1182.90 1186.92	        	... And then of course he [adores] me.
SBC008,1,non_participant_speaker,
SBC008,4,non_participant_speaker,
SBC008,18,non_participant_speaker,
SBC008,19,non_participant_speaker,
SBC008,20,non_participant_speaker,
SBC008,21,non_participant_speaker,
SBC008,857,non_participant_speaker,
SBC008,865,non_participant_speaker,
SBC011,50,non_participant_speaker,
SBC011,66,non_participant_speaker,
SBC011,68,non_participant_speaker,
SBC011,74,non_participant_speaker,
SBC011,957,dubois_dollar_note,000000000 000000000 $ TEXT ENDS
SBC013,25,non_participant_speaker,
SBC013,26,non_participant_speaker,
SBC013,27,non_participant_speaker,
SBC013,28,non_participant_speaker,
SBC013,29,non_participant_speaker,
SBC013,900,non_participant_speaker,
SBC013,922,non_participant_speaker,
SBC013,1371,dubois_dollar_note,"0.00 0.00	$ INDETERMINATE BETWEEN ""TOO"" AND ""TWO"""
SBC013,1600,non_participant_speaker,
SBC013,1653,non_participant_speaker,
SBC014,1122,backslash_fused,"1599.98 1602.72         	(H) They also --\000000000 000000000 1602.72 1604.72	        	(H) and it's also requirements by uh,"
SBC014,1169,non_participant_speaker,
SBC014,1172,non_participant_speaker,
SBC014,1181,non_participant_speaker,
SBC016,1185,ambiguous_fields,1105.975	1106.375	BRAD:	[	[(H)] [uh]-- w--
SBC018,108,non_participant_speaker,
SBC018,286,non_participant_speaker,
SBC018,492,non_participant_speaker,
SBC018,497,non_participant_speaker,
SBC019,602,non_participant_speaker,
SBC019,612,non_participant_speaker,
SBC022,691,non_participant_speaker,
SBC024,13,non_participant_speaker,
SBC024,64,non_participant_speaker,
SBC024,86,non_participant_speaker,
SBC024,106,non_participant_speaker,
SBC024,148,non_participant_speaker,
SBC024,153,non_participant_speaker,
SBC024,164,non_participant_speaker,
SBC024,236,non_participant_speaker,
SBC024,256,non_participant_speaker,
SBC024,273,non_participant_speaker,
SBC024,284,non_participant_speaker,
SBC024,341,non_participant_speaker,
SBC024,342,non_participant_speaker,
SBC024,343,non_participant_speaker,
SBC024,344,non_participant_speaker,
SBC024,363,non_participant_speaker,
SBC024,374,non_participant_speaker,
SBC024,379,non_participant_speaker,
SBC024,385,non_participant_speaker,
SBC024,396,non_participant_speaker,
SBC024,406,non_participant_speaker,
SBC024,446,non_participant_speaker,
SBC027,380,non_participant_speaker,
SBC027,391,non_participant_speaker,
SBC027,398,non_participant_speaker,
SBC027,404,non_participant_speaker,
SBC027,610,non_participant_speaker,
SBC027,715,non_participant_speaker,
SBC027,732,non_participant_speaker,
SBC028,1,non_participant_speaker,
SBC029,2,non_participant_speaker,
SBC029,27,non_participant_speaker,
SBC029,48,non_participant_speaker,
SBC029,52,non_participant_speaker,
SBC029,60,non_participant_speaker,
SBC029,63,non_participant_speaker,
SBC029,70,non_participant_speaker,
SBC029,76,non_participant_speaker,
SBC029,299,non_participant_speaker,
SBC029,812,non_participant_speaker,
SBC029,904,non_participant_speaker,
SBC030,740,non_participant_speaker,
SBC031,52,non_participant_speaker,
SBC032,191,non_participant_speaker,
SBC032,194,non_participant_speaker,
SBC032,203,non_participant_speaker,
SBC032,211,non_participant_speaker,
SBC034,1,non_participant_speaker,
SBC034,9,non_participant_speaker,
SBC034,352,non_participant_speaker,
SBC036,143,non_participant_speaker,
SBC036,152,non_participant_speaker,
SBC036,154,non_participant_speaker,
SBC036,212,non_participant_speaker,
SBC036,250,non_participant_speaker,
SBC036,557,non_participant_speaker,
SBC036,563,non_participant_speaker,
SBC036,576,non_participant_speaker,
SBC036,1485,non_participant_speaker,
SBC036,1524,non_participant_speaker,
SBC036,1668,non_participant_speaker,
SBC036,1716,non_participant_speaker,
SBC037,49,non_participant_speaker,
SBC037,143,non_participant_speaker,
SBC037,249,non_participant_speaker,
SBC037,253,non_participant_speaker,
SBC037,261,non_participant_speaker,
SBC037,271,non_participant_speaker,
SBC037,523,non_participant_speaker,
SBC037,582,non_participant_speaker,
SBC037,587,non_participant_speaker,
SBC037,633,non_participant_speaker,
SBC037,635,non_participant_speaker,
SBC037,647,non_participant_speaker,
SBC037,660,non_participant_speaker,
SBC037,665,non_participant_speaker,
SBC037,761,non_participant_speaker,
SBC037,801,non_participant_speaker,
SBC037,803,non_participant_speaker,
SBC037,816,non_participant_speaker,
SBC037,819,non_participant_speaker,
SBC037,910,non_participant_speaker,
SBC037,949,non_participant_speaker,
SBC038,5,non_participant_speaker,
SBC038,287,non_participant_speaker,
SBC038,291,non_participant_speaker,
SBC038,309,non_participant_speaker,
SBC038,312,non_participant_speaker,
SBC038,319,non_participant_speaker,
SBC038,321,non_participant_speaker,
SBC038,323,non_participant_speaker,
SBC038,351,non_participant_speaker,
SBC038,355,non_participant_speaker,
SBC038,359,non_participant_speaker,
SBC038,615,non_participant_speaker,
SBC039,23,non_participant_speaker,
SBC041,10,non_participant_speaker,
SBC042,10,non_participant_speaker,
SBC042,13,non_participant_speaker,
SBC042,14,non_participant_speaker,
SBC042,148,non_participant_speaker,
SBC042,162,non_participant_speaker,
SBC042,249,non_participant_speaker,
SBC042,379,non_participant_speaker,
SBC042,390,non_participant_speaker,
SBC042,416,non_participant_speaker,
SBC044,366,non_participant_speaker,
SBC044,369,non_participant_speaker,
SBC044,390,non_participant_speaker,
SBC045,560,non_participant_speaker,
SBC045,655,non_participant_speaker,
SBC045,678,non_participant_speaker,
SBC045,684,non_participant_speaker,
SBC045,688,non_participant_speaker,
SBC045,702,non_participant_speaker,
SBC045,707,non_participant_speaker,
SBC045,734,non_participant_speaker,
SBC045,737,non_participant_speaker,
SBC045,739,non_participant_speaker,
SBC045,742,non_participant_speaker,
SBC045,859,non_participant_speaker,
SBC045,861,non_participant_speaker,
SBC045,863,non_participant_speaker,
SBC045,865,non_participant_speaker,
SBC045,867,non_participant_speaker,
SBC045,871,non_participant_speaker,
SBC045,874,non_participant_speaker,
SBC045,876,non_participant_speaker,
SBC045,879,non_participant_speaker,
SBC045,881,non_participant_speaker,
SBC045,931,non_participant_speaker,
SBC045,933,non_participant_speaker,
SBC045,935,non_participant_speaker,
SBC045,941,non_participant_speaker,
SBC045,943,non_participant_speaker,
SBC046,1,non_participant_speaker,
SBC046,15,non_participant_speaker,
SBC046,318,non_participant_speaker,
SBC048,352,non_participant_speaker,
SBC048,356,non_participant_speaker,
SBC048,372,non_participant_speaker,
SBC049,237,non_participant_speaker,
SBC049,297,non_participant_speaker,
SBC051,265,non_participant_speaker,
SBC051,291,non_participant_speaker,
SBC051,324,non_participant_speaker,
SBC051,328,non_participant_speaker,
SBC051,339,non_participant_speaker,
SBC051,349,non_participant_speaker,
SBC051,350,non_participant_speaker,
SBC051,364,non_participant_speaker,
SBC051,534,non_participant_speaker,
SBC051,624,non_participant_speaker,
SBC051,628,non_participant_speaker,
SBC051,633,non_participant_speaker,
SBC051,634,non_participant_speaker,
SBC051,1443,non_participant_speaker,
SBC051,1603,non_participant_speaker,
SBC051,1636,non_participant_speaker,
SBC052,554,non_participant_speaker,
SBC052,562,non_participant_speaker,
SBC052,571,non_participant_speaker,
SBC052,576,non_participant_speaker,
SBC052,580,non_participant_speaker,
SBC052,615,non_participant_speaker,
SBC052,1251,non_participant_speaker,
SBC052,1272,non_participant_speaker,
SBC052,1507,non_participant_speaker,
SBC053,762,non_participant_speaker,
SBC056,235,non_participant_speaker,
SBC056,335,non_participant_speaker,
SBC056,919,non_participant_speaker,
SBC058,118,non_participant_speaker,
SBC058,288,non_participant_speaker,
SBC058,294,non_participant_speaker,
SBC058,319,non_participant_speaker,
SBC058,321,non_participant_speaker,
SBC058,479,non_participant_speaker,
SBC058,717,non_participant_speaker,
SBC058,726,non_participant_speaker,
SBC058,835,non_participant_speaker,
SBC058,852,non_participant_speaker,
SBC058,855,non_participant_speaker,
SBC058,869,non_participant_speaker,
SBC059,274,non_participant_speaker,
SBC059,1844,non_participant_speaker,
