file,n_tokens,cue_rule_within_turn_f1,cue_rule_all_boundaries_f1,random_within_turn_f1_mean,random_within_turn_f1_lo,random_within_turn_f1_hi,random_all_boundaries_f1_mean,random_all_boundaries_f1_lo,random_all_boundaries_f1_hi
SBC039,4347,0.5692,0.7506,0.2038,0.1647,0.2431,0.5028,0.4784,0.5273
SBC001,5055,0.5983,0.6779,0.2282,0.1953,0.2524,0.3513,0.3237,0.3717
SBC002,4876,0.5615,0.8011,0.1579,0.1166,0.1887,0.5639,0.5425,0.5798
SBC003,4733,0.6357,0.8266,0.1883,0.1475,0.2172,0.5847,0.5638,0.5995
SBC004,4427,0.5019,0.7111,0.1815,0.1418,0.2127,0.4661,0.4402,0.4864
SBC005,2853,0.6156,0.7643,0.1869,0.1475,0.2234,0.4572,0.4309,0.4815
SBC006,5948,0.5522,0.6366,0.2262,0.1995,0.2533,0.3382,0.3153,0.3613
SBC007,3031,0.7062,0.8193,0.1586,0.1279,0.2055,0.4588,0.4391,0.4890
SBC008,4821,0.6287,0.8032,0.1917,0.1606,0.2224,0.5331,0.5152,0.5508
SBC009,2523,0.7285,0.8343,0.1888,0.1486,0.2241,0.4773,0.4514,0.5000
SBC010,3638,0.5561,0.7659,0.1911,0.1512,0.2228,0.5298,0.5066,0.5482
SBC011,3222,0.6606,0.8117,0.1798,0.1323,0.2369,0.5155,0.4875,0.5493
SBC012,3897,0.7956,0.8323,0.2304,0.1965,0.2765,0.3649,0.3369,0.4029
SBC013,6377,0.4981,0.8415,0.1393,0.1045,0.1671,0.6688,0.6554,0.6795
SBC014,4894,0.6575,0.7475,0.1854,0.1555,0.2181,0.3872,0.3647,0.4119
SBC015,6557,0.4266,0.7057,0.1920,0.1645,0.2144,0.5056,0.4887,0.5193
SBC016,4590,0.6975,0.8728,0.1763,0.1295,0.2128,0.6172,0.5954,0.6342
SBC017,4028,0.5984,0.7225,0.2210,0.1837,0.2603,0.4210,0.3933,0.4503
SBC018,1824,0.6151,0.7632,0.2231,0.1676,0.2720,0.4783,0.4410,0.5111
SBC019,4062,0.5646,0.8199,0.1534,0.1131,0.1898,0.5937,0.5743,0.6111
SBC020,3807,0.6803,0.6844,0.2130,0.1842,0.2502,0.2217,0.1932,0.2585
SBC021,4543,0.7398,0.7862,0.2034,0.1717,0.2357,0.3298,0.3031,0.3569
SBC022,2576,0.6398,0.7673,0.1936,0.1538,0.2362,0.4349,0.4070,0.4647
SBC023,5121,0.5264,0.8177,0.1400,0.1135,0.1711,0.6208,0.6091,0.6345
SBC024,2574,0.6175,0.7866,0.2120,0.1706,0.2631,0.5063,0.4804,0.5383
SBC025,3338,0.7152,0.7152,0.2111,0.1721,0.2496,0.2111,0.1721,0.2496
SBC026,4085,0.7302,0.7591,0.1988,0.1729,0.2225,0.2794,0.2561,0.3007
SBC027,3042,0.6314,0.6793,0.2128,0.1725,0.2412,0.3010,0.2652,0.3262
SBC028,4496,0.5217,0.7361,0.2041,0.1811,0.2320,0.5173,0.5034,0.5342
SBC029,4944,0.6151,0.7930,0.1498,0.1196,0.1779,0.5134,0.4962,0.5295
SBC030,3638,0.7136,0.7162,0.1991,0.1714,0.2341,0.2057,0.1783,0.2405
SBC031,4714,0.5505,0.8129,0.1571,0.1248,0.1888,0.6048,0.5896,0.6197
SBC032,6052,0.5253,0.7967,0.1697,0.1459,0.2030,0.5817,0.5697,0.5985
SBC033,2444,0.3394,0.7907,0.1416,0.0775,0.2007,0.6502,0.6241,0.6743
SBC034,2655,0.6362,0.7904,0.1819,0.1296,0.2238,0.4971,0.4649,0.5228
SBC035,5147,0.4208,0.7697,0.1409,0.1168,0.1678,0.5818,0.5701,0.5949
SBC036,6119,0.4567,0.7474,0.1665,0.1397,0.2051,0.5392,0.5244,0.5606
SBC038,3673,0.7572,0.8017,0.1536,0.1185,0.1926,0.2924,0.2632,0.3251
SBC040,3834,0.6967,0.7079,0.1568,0.1267,0.2061,0.1817,0.1525,0.2295
SBC041,3075,0.5477,0.7012,0.2405,0.2155,0.2716,0.4624,0.4447,0.4844
SBC042,2748,0.6196,0.8267,0.1481,0.1012,0.1879,0.5639,0.5399,0.5843
SBC043,6247,0.5255,0.6989,0.1718,0.1483,0.1998,0.4150,0.3984,0.4348
SBC044,6372,0.6411,0.7147,0.1804,0.1516,0.2021,0.3207,0.2968,0.3387
SBC045,4282,0.6316,0.7424,0.2004,0.1677,0.2353,0.4112,0.3871,0.4369
SBC046,3009,0.5043,0.6784,0.1894,0.1560,0.2245,0.4278,0.4043,0.4527
SBC047,4272,0.4067,0.6614,0.1943,0.1604,0.2206,0.4662,0.4438,0.4836
SBC048,2766,0.5578,0.8458,0.1846,0.1459,0.2314,0.6636,0.6476,0.6829
SBC049,4529,0.5179,0.7874,0.1471,0.1159,0.1807,0.5591,0.5430,0.5765
SBC050,3085,0.5571,0.8180,0.1669,0.1141,0.2140,0.6071,0.5822,0.6293
SBC051,5346,0.5305,0.7791,0.1810,0.1475,0.2140,0.5672,0.5495,0.5847
SBC052,5506,0.5385,0.7385,0.1963,0.1633,0.2264,0.4866,0.4655,0.5058
SBC053,3629,0.6254,0.7482,0.1814,0.1448,0.2230,0.4178,0.3917,0.4473
SBC054,2674,0.7818,0.8004,0.1937,0.1538,0.2356,0.2573,0.2206,0.2960
SBC055,2955,0.7035,0.7164,0.2490,0.2168,0.2795,0.2785,0.2475,0.3078
SBC056,6628,0.5481,0.7507,0.1544,0.1227,0.1862,0.4818,0.4624,0.5013
SBC057,3589,0.7683,0.8340,0.2045,0.1737,0.2336,0.4077,0.3848,0.4293
SBC058,3593,0.5680,0.7812,0.1666,0.1363,0.2054,0.5311,0.5140,0.5529
SBC059,6118,0.4712,0.7948,0.1519,0.1248,0.1827,0.6154,0.6031,0.6293
SBC060,4054,0.6606,0.7149,0.2155,0.1772,0.2434,0.3234,0.2904,0.3474
